USE `car rental agency`;

INSERT INTO location VALUES ('France');
INSERT INTO location VALUES ('Egypt');
INSERT INTO location VALUES ('England');
INSERT INTO location VALUES ('Russia');

INSERT INTO branch VALUES ('Paris', 'France');
INSERT INTO branch VALUES ('Lyon', 'France');
INSERT INTO branch VALUES ('Alexandria', 'Egypt');
INSERT INTO branch VALUES ('Cairo', 'Egypt');
INSERT INTO branch VALUES ('Liverpool', 'England');
INSERT INTO branch VALUES ('Manchester', 'England');
INSERT INTO branch VALUES ('Moscow', 'Russia');
INSERT INTO branch VALUES ('St. Petersburg', 'Russia');


INSERT INTO car VALUES ('H6HYU', 'BMW 3-Series G20', 2020, 'F', 200, 'blue', 140, 'T', 50, 'France', 'blueBMW.jpg');
INSERT INTO car VALUES ('D7RKU', 'Hyundai i20', 2019, 'F', 280, 'blue', 140, 'T', 50, 'France', 'blueHyundai.jpg');
INSERT INTO car VALUES ('A3SKD', 'Kia Rio', 2018, 'F', 100, 'white', 140, 'T', 50, 'France', 'whiteKIA.jpg');
INSERT INTO car VALUES ('C9ASD', 'Nissan Sunny', 2017, 'F', 250, 'grey', 140, 'F', 50, 'Egypt', 'greyNissan.jpg');
INSERT INTO car VALUES ('Z0FKS', 'Toyota Yaris', 2016, 'F', 150, 'grey', 140, 'F', 50, 'Egypt', 'greyToyota.jpg');
INSERT INTO car VALUES ('Q1DKU', 'Skoda Octavia', 2017, 'F', 230, 'white', 140, 'F', 50, 'Egypt', 'whiteSkoda.jpg');
INSERT INTO car VALUES ('M9TBS', 'Fiat Tipo', 2018, 'F', 200, 'red', 140, 'F', 50, 'France', 'redFIAT.jpg');
INSERT INTO car VALUES ('L6SDK', 'Mercedes s6', 2019, 'F', 150, 'red', 140, 'T', 50, 'England', 'redMercedes.jpg');
INSERT INTO car VALUES ('S8VMS', 'Renault Megane', 2020, 'F', 250, 'yellow', 140, 'T', 50, 'England', 'yellowRenault.jpg');
INSERT INTO car VALUES ('X2LAM', 'Peugeot 508', 2021, 'F', 180, 'red', 140, 'T', 50, 'Russia', 'redPeugeot.jpg');
INSERT INTO car VALUES ('G4SLT', 'Seat Leon', 2017, 'F', 170, 'red', 140, 'T', 50, 'Russia', 'redSeat.jpg');


INSERT INTO user VALUES ('12551289579122', 'Admin', 'Admin', '01223674874', 'admin@gmail.com', '698d51a19d8a121ce581499d7b701668', 'M', '1996-09-05', 'T');
INSERT INTO user VALUES ('15176891141235', 'Fady', 'Sameh', '01233547384', 'fady@gmail.com', '30dcd0487df76c49254f6644d08a1c01', 'M', '2000-04-12', 'F');
INSERT INTO user VALUES ('29673262853274', 'Sandra', 'Adel', '01248563857', 'sandra@gmail.com', '6df02b541a67198aff344875085f2336', 'F', '1996-11-03', 'F');
INSERT INTO user VALUES ('46634237494769', 'Amr', 'Mohamed', '01257673694', 'amr@gmail.com', '481c48991702d420efc19afb28c3f533', 'M', '2000-05-15', 'F');


INSERT INTO reservation (plate_id, ssn, reservation_time, pickup_location, return_location, pickup_time, return_time, is_paid) VALUES ('C9ASD', '15176891141235', "2022-01-15", "Alexandria", "Cairo", "2022-02-10", "2022-02-11", 'F');
INSERT INTO reservation (plate_id, ssn, reservation_time, pickup_location, return_location, pickup_time, return_time, is_paid) VALUES ('Z0FKS', '15176891141235', "2022-01-16", "Alexandria", "Alexandria", "2022-02-05", "2022-02-06", 'F');
INSERT INTO reservation (plate_id, ssn, reservation_time, pickup_location, return_location, pickup_time, return_time, is_paid) VALUES ('Q1DKU', '15176891141235', "2022-01-17", "Cairo", "Alexandria", "2022-02-12", "2022-02-12", 'F');
INSERT INTO reservation (plate_id, ssn, reservation_time, pickup_location, return_location, pickup_time, return_time, is_paid) VALUES ('H6HYU', '29673262853274', "2022-01-18", "Lyon", "Paris", "2022-02-12", "2022-02-15", 'F');
INSERT INTO reservation (plate_id, ssn, reservation_time, pickup_location, return_location, pickup_time, return_time, is_paid) VALUES ('D7RKU', '29673262853274', "2022-01-19", "Paris", "Paris", "2022-02-16", "2022-02-16", 'F');
INSERT INTO reservation (plate_id, ssn, reservation_time, pickup_location, return_location, pickup_time, return_time, is_paid) VALUES ('A3SKD', '29673262853274', "2022-01-20", "Lyon", "Paris", "2022-02-18", "2022-02-20", 'F');
INSERT INTO reservation (plate_id, ssn, reservation_time, pickup_location, return_location, pickup_time, return_time, is_paid) VALUES ('M9TBS', '29673262853274', "2022-01-21", "Lyon", "Lyon", "2022-02-21", "2022-02-22", 'F');
INSERT INTO reservation (plate_id, ssn, reservation_time, pickup_location, return_location, pickup_time, return_time, is_paid) VALUES ('L6SDK', '46634237494769', "2022-01-22", "Liverpool", "Manchester", "2022-01-27", "2022-01-29", 'F');
INSERT INTO reservation (plate_id, ssn, reservation_time, pickup_location, return_location, pickup_time, return_time, is_paid) VALUES ('S8VMS', '46634237494769', "2022-01-23", "Manchester", "Liverpool", "2022-01-30", "2022-01-31", 'F');
INSERT INTO reservation (plate_id, ssn, reservation_time, pickup_location, return_location, pickup_time, return_time, is_paid) VALUES ('X2LAM', '46634237494769', "2022-01-24", "St. Petersburg", "Moscow", "2022-03-28", "2022-03-29", 'F');
